id,word,context,gold_sense
0,ish,the maestro is back in the or as i like to call it do not know the name of this one but it is of and sliced thinly freshly and s sliced with more seasoning for ish minutes to soften then add the fish with more seasoning style food we cannot get enough of this one never tried it with jerusalem artichokes before so i will be interested to see how it turns out i will be posting the end results shortly it is good to be getting back into my normal routine it is all been a blur with the ton of meds and but i am enjoying life with my little family who have all been there for me thanks for all the kind messages i really am a lucky guy,hedge
1,ish,happy new year babes i have been talking a lot on about strength and getting stronger this year above are three exercises great for increasing your strength this year deadlifts with a pulse deadlifts into a front squat side squat walks deadlifts squats are my two favourite exercises by adding tension pulsations movement and combinations you are making two very basic exercises that little bit more difficult this bar is kg if i did deadlifts and squats alone i would not find it very challenging by changing the exercises slightly i am putting my muscles under pressure pressure leads to growth progressive overload is a training principle all about increasing the intensity of your training this is key if you want to grow this year use these videos as a form check and start with a light ish weight until you have got the form right before increasing the weight steadily it is a new decade let us grow together outfit,hedge
2,ish,what is your biggest challenge at the moment not knowing why i am here for what purpose is something i wrestled with throughout my twenties one thing i knew for sure is that it definitely did not feel like i had been created just to work at my ish job in the city more recently i have come to realise i always knew what i wanted to do what path i wanted to follow i just never had the self belief to give it my best shot snapshot of,hedge
3,ish,and his big ish band join us on saturday for a night of funk soul and rock n roll from pm entrance is free but there will be buckets going round on the night to raise money for david s charity which puts music and arts education into township schools in south africa,hedge
4,ish,taking hours ish flight with another hours stop over in between was definitely something yeh,approx
5,ish,alexa drop in with the kids yesterday basically the same as facetime but i just pop up on the alexa show in the kitchen much to the kids delights and screams of its mummy spending the morning with them today and off on another bike ride round the park shortly get some fresh ish it is london after all air in us have a great sunday,hedge
6,ish,matcha softserve chinese new year need to get my matcha ice cream tsujiri branch in china town really make a great softserve ice cream so creamy and so matcha ish long time did not have such satisfying ice cream request a more matcha ish ice cream and they really make for me woohoo thank you so much recommended,hedge
7,ish,tryanuary ish bottle shares a tto has seen new beers happen already top from st share of the year josh s adambier from woodland park brewery was a lovely surprise so smokey the anniversary coward was part of a yellow belly vertical and was a fab sweet treat thanks,hedge
8,ish,had a great time at yesterday getting the mastering for my new record done first time with matt colton who did an amazing job new ep out soon ish via,approx
9,ish,we are back this friday for another bright and sunny ish lunch session at pm we are leaving some vouchers out around the area so keep your peepers peeled for a colourful discount,hedge
10,ish,aaaand relax well ish how does a year go so fast brits been and gone thanks to everyone that makes it such a special night and thanks to our incredible team we could not do it without ya,hedge
11,ish,i am not really supposed to drink coffee at the moment but today was one of them mornings when i barley could get out of bed as i have been up all night writing however got to my local coffee shop by the station at am ish and sam the old gent who works there was a bit busy with a delivery and said sorry darling it might take a minute but you have worked in a coffee shop before feel free to make your own cappuccino and it is on the house today lol bad service you all probably think but nah my point is that there is nothing that i appreciate more than people that pay attention to what you say and remember the little things although it might not be relevant to them at all anyways it made my day because i had a laugh making the most awful and burnt cappuccino of my life,approx
12,ish,midweek check in thought i would do a little update for you all as for the past ish weeks i have not really been myself and sometimes it is okay not to be okay i am going through changes in my personal life that scare me and although i understand change can be a good beneficial thing and in the end i will be able to come out living a life in which i truly cherish myself the immediate effects of this are tough really really tough physically mentally i have felt drained and just not wanting to be interactive or achieve anything food wise well the past week i have tippled back down into a spiral of starving myself in the day before binge eating in the evening it is been rough and last night i have really been feeling the effects of how unhealthily unhappy it is making me although i am great at putting on a happy face at times i cannot keep up that facade when in reality on the inside i am really struggling so today we are starting afresh starting a new picking myself up more determined than ever i say this often but it needs reiterating i am doing this for me this is something that nobody else can do for me and something i do not want anybody else to do for me,approx
13,ish,london is pretty ish in the sun,hedge
14,ish,shape shifter everybody always got an opinion about every damn thing and always will people be making you feel shitty about who you are that ish are not cool we are who we are the second we breath air fortunately or unfortunately things happen to and around us that alter and change who we become i am tired of being seen in a specific type of way or fitting into everyone else s view of who they believe i should be so i said f k it to everyoneee i swear everyone around me thought i was loosing my damn mind cuz they are not ever seen me not follow the rules shiiit i am making up my own damn rules deuces take that eat it suckersssss,noun
15,ish,how do you capture something as intangible as a historical scent scent plays an important role in our culture and heritage but many are in danger of being lost forever ish researcher cecilia bembibre is recovering extinct scents from the past preserving those in danger of being lost to find out more click the link in our bio smells of heritage bbc future,approx
16,ish,th game of the season another solid performance from the boys against a very good side we played direct and created a lot of chances early on in the game but was unable to score we re grouped and came out strong in the second half and got the win to get to the final date we will be released soon for all to come and enjoy a great day at the final come on heavyn heavynnnnn neverrrrr half time score full time score goal scorers ish assists tobi man of the match jay heavyn looks to bringing home another win this coming sunday am hackney marshes come down support the boys,approx
17,ish,day cont view from the side after hrs at c no stir a layer of the flour mix has floated to the top and displaced the fluid that was sitting there yesterday i suspect this is the bag of grapes being inflated and risen strong smell of yeast today definitely fermenting a lot more condensation than yesterday and not just on the walls there were some accumulated on the cling film as well liquid turned brown purple ish will keep it like this for another day and probably start feeding it tomorrow when the yeast eat up all the sugar in the grapes,hedge
18,ish,my mums beetroot sandwich on the menu for x first week my mum used to pressure cook the beetroots and peel them we would then slice them hot into cheap ish white bread and cover it with salad cream for the best sandwich possible ours is cooked in the embers from smoking then roasted with stout molasses and rapeseed oil smothered with cultured salad cream and with some of yesterday s toasted bread on top,hedge
19,ish,my mums beetroot sandwich on the menu for x first week my mum used to pressure cook the beetroots and peel them we would then slice them hot into cheap ish white bread and cover it with salad cream ours is roasted in the embers from smoking then roasted with stout molasses and rapeseed oil smothered with cultured salad cream and with some of yesterday s toasted bread on top,hedge
20,ish,a few of s yummy dishes if you are still yet to visit this new ish restaurant and bar on clapham high street then you need to set a date they are amazing blend the tradition of italian cuisine and aperitivi culture together and serve authentic italian food with a modern twist they also do incredible cocktails plus the atmosphere is cosy but still lively and the people are lovely check their website for the full menu there are some absolute must try s like the testaroli pancake pasta are the only restaurant in london to serve it and it is the oldest recorded pasta originally from etrurian civilisation in tuscany they also do breakfast and bottomless brunch at very reasonable prices clapham high street pretty much opposite infernos sw ss we have listed all of s details in the restaurants section of including contact details and opening hours,hedge
21,ish,i hate nature but this is cute ish,hedge
22,ish,little grufallo goes for a walk a couple of saturdays ago word on the street was that batman spiderman was popping in for a visit at the we were there early at i thought they would be there straight away but the superheroes were still snoozing so i let nova go for a little walk about and a bit of window shopping since they did not arrive for another ish minutes actually i put her in the little softplay area first but she did not stay in it as she wanted to give her little legs a proper stretch,approx
23,ish,imperial ipa after a big queue and a last minute boost to the can allowance at i was left with a choice for an th us brew to be honest i am not sure why i went with the option as they are much more hit and miss for me compared with other us brewers saw a fair few reviews for this either as a meh or a drain pour it was pretty firmly in the former category for me thick ish little juicy with tangerine and peach but a little rubbery and kind of muted underwhelming all in all drinkable but definitely not worth the import price hoping it is the only one like this of the bunch,hedge
24,ish,hold yer horses oh what joy the first time in about months that i have run home from work when it is light a combination of a real spring feeling a productive day and running along the river meant that i had to convert the miles easy planned into a miles steady ish as i set off way too quick and could not get my brakes on i have just started reading a book that my friend gave me about overcoming stress anxiety and depression and i am holding off talking about it as i really do not want to start spouting uninformed drivel when i am yet to fully immerse myself in the practice but it is so good that i had to run home with it in my hand tonight so that i am able to spend my tuesday curled up reading it have a mindful tuesday friends,hedge
25,ish,march vegan weekly menu challenge day veggies couscous this recipe is inspired in the moroccan classic recipe of veggies cous cous we have removed the meat from the recipe and make the preparation a bit faster this is a meal neddless to say will win the taste of all your guests kids included make sure with this recipe you aim for success so if you want something earthy tasty nutritious and that fullfills you here you have it serve with a salad as a side dish and do not forget your fruit ideally before ithis meal for those that just joined us i am doing a monthly challenge of vegan meals that everyone loves and do not break your wallet check my first posts on my feed for this month menu and shopping list are there every sunday get your shopping list of your week ahead ingredients medium potatoes carrot small white cabagge glass of chickpeas glass of couscous tbsp extra virgin olive oil tbsp vegan butter tbsp tomato pure tbsp turmeric tbsp cumin saket powdered zaffron small onion salt to taste garlic preparation in a pot heat the oil and add the onion and garlic chopped in small pieces when golden add turmeric cumin and zaffron add the potatoes cut in medium side add the carrot cut in half and removing the core and the zucchini cut in half add salt and glasses of water and let simmer in low fire chickpeas should have been in water overnight add them to the pot when you see the veghies and chickpeas are soft after ish minutes put glass and a half of water to boil when boiling add couscous remove from fire cover anf let it be for minutes once the couscous is fluffy add vegan butter and mix with a fork if you have a vegan burger in the freezer you can use it for this meal cut in stripes and add it to the pot of veggies and let it cook bon appetite,approx
26,ish,its of the clock now in south africa so i am perfectly on time you are ish kilometers away but still happy rd big bro have a good one i miss you and i hope to see you soon love boy jo,approx
27,ish,when a random guy ruins a rare non terrible race photo legs feeling surprisingly fresh after sunday s big half excited for the remaining ish weeks of training before hopefully the london marathon,approx
28,ish,on the flip side to the success of the bake sale yesterday we ended up in hospital in the evening ella had been sick in the morning and coupled with her slightly enlarged ventricles and having felt sick a few times across the past couple of weeks we phoned st george s for some guidance they suggested bringing her in to monitor overnight we were so lucky to get our own room and the nurses were pleased to see ella they even knew about the bake sale from this facebook page we waited until ish to see the on call neuro surgeon she would just had a hour surgery and looked fresh as a daisy she tested the shunt by slightly pressing it in and it reinflated so she was not too worried they have accessed her and as of this morning the bloods look good we will wait to see sam her neurosurgeon but it does not feel like anything too serious,approx
29,ish,fearless stand up from gin c yazzy yazz at first thursday sesh remembering not far from here that i would heard a non asian cis guy ending stand up set on a gross asian woman joke it felt like remaking history her story to be in the midst of tremendously playful powerful and provocative navigations through female asian stereotypes such as arranged marriage racism sex positivity thank you thanks to all our supporters who showed up for us despite the and enjoy thursday surrealness in this characterful iridescent maritime ish and clock filled of east london venues the bethnal green working men s club,hedge
30,ish,as far as i know no one else is doing this says founder of about asians doing improv comedy thanks to all our supporters who showed up for us despite the and enjoy thursday surrealness in this characterful iridescent maritime ish and clock filled of east london venues the bethnal green working men s club pictured comediasians who were available tonight me on this time plus brilliant stand ups,hedge
31,ish,are you a cream or powder queen i have got to say i am on team powder product i find it a lot more straight forward and a lot less faffy maybe it is because i get ready in a rush in the morning or maybe i am over complicating things however i absolutely adore the look of my vanish stick highlighter in gold flash this is not a swatch of that because i am not stupid enough to smoosh that out it is the most beautiful gold shade that just makes your cheekbones pop and glisten it is pretty expensive at but it lasts ages years ish and i will repurchase as soon as i run out makeupblog,approx
32,ish,still a mermaid just with added zhuzh smiling on the inside smiling in photos is weird new ish hair by who will treat you like a queen and hold space for your should i get a fringe tears,hedge
33,ish,we are young ish do not run green but got teeth nice and clean,hedge
34,ish,today there is sunshine miraculous transformative sunshine and in the right place it is even warm ish and spring is busting forth,hedge
35,ish,there goes the country now a fully fledged quite an extraordinary process journey for her and us both over the past years congratulations xx ish,hedge
36,ish,big day for london harry i am available and days younger oh and a very happy birthday to kate side note about london my jewish ancestors lived here in the east end late s not an easy time it is also where my son sold his first piece of artwork at the four seasons for took the photo four ish years back,approx
37,ish,smoked brisket on the menu tonight in brixton pm ish if you really want to be a sassy king or queen then whack it on top of a burger like or just be a basic bitch like me and inhale it whole without chewing plz do not choke though my nurse dayz are over,approx
38,ish,today i found this old ish picture of a house in chelsea it is haunted and no one can convince me otherwise,hedge
39,ish,film and my th film parasite definitelt different than i thought thought it would be more surreal and touching on almost fantasy twilight zone ish wish it was but without seeing trailers i was totally guessing haha still awesome film and with a few areas under achieved on most planes it was great loved the cast the house was awesome and the story was original and unique and in had a fantastic monologue that brought the themes together about classism if you like this see snow piercer massively under appreciated film by this great director i will be seeing his filmography soon and with that i become a bit sad as this was essentially my last main film to see for the season there are a few left but nothing i am too excited for let us bring it on was a solid year for film and i am happy long live this medium i will fight for it till i die,hedge
40,ish,wingmans finally made it to and omg it did not disappoint these guys have turned the humble piece chicken wing meal into something of utter beauty my little group ordered a pretty decent selection swipe to see the szech one szechuan peppercorn salt chilli ginger spring onion coriander lime bang coq spring onion ginger pickle coriander kewpie crispy onions toasted sesame so incredibly sticky sweet and more ish i could have had a whole bucket jamaican me crazy scotch bonnet spring onions ginger coriander hot and spicy but fresh and fragrant amazing shanghai cauliflower ginger spring onions red chilli kewpie mayo black sesame coriander this was the biggest surprise of the day it literally blew my mind i could totally skip out on the chicken and order a whole plate of this next time special mention has to go to the best sweet potato fries i have had in my entire life sweet potato fries with maple syrup caramelised pecan salt mic drop if you are ever in or around kilburn i insist you get your butt to this place you will not be disappointed,hedge
41,ish,th february titled maya ellie ish in london,hedge
42,ish,part ish of how to refresh your wardrobe with just one item i have been looking at some of the lovely new blouses hitting the high street the first picture actually looks better on than it felt to wear so i might reconsider at the time of trying i felt like i was wearing a sailer outfit from my childhood the lilac one is my favourite what is yours,approx
43,ish,naan staap i was kindly invited to this quirky place named it is located in the heart of green street not too far from chaiiwala this is a quirky take on a authentic pakistani street food but served in many flavours and varieties you will be spoilt for choice and would want to order the whole menu we ordered x mains x sides and x drinks chicken karahi naan qeema masala naan chips masala chips the restaurant was sort of empty due to the time we were there ish but had a very homely atmosphere feel to it there was bollywood music playing which made the place feel very authentic the customer service was superb to the guy who served us and to the owner who was very kind and accommodating please see my next few posts for my review on the food,hedge
44,ish,just the received the professional photos for this gorgeous project we finished in december for fabulous clients who know what they want and understand the design and construction process thanks for allowing us to work with you again and create a home that is elegant sophisticated and a bit edgy too the inspiration for the lobby came from the mini jungle nurtured on the raised platform to further magnify that feel we covered the walls and doors in osborne and little paper painted the ceiling and woodwork a craig and rose dark green the amazing flooring is a baked versailles panel supplied by treehouse flooring the stair runner is roger oates and pulls the colours together beautifully the staircase joinery and under stairs storage was replaced and made to look hidden the hallway colour scheme allows for a seamless transition from the green to the pink ish walls in the lounge which also has new lighting flooring and built in floor to ceiling storage photos by,hedge
45,ish,check out truelips net in my bio or my stories for a new little thing i made i call it a comic for lack of a better word but it is basically a little poem ish written on top of some drawings i made it may or may not be part of a big project i am working on it is really short but it took me quite a long time to make as i am only getting started with drawing i was a bit nervous to share it but here it is,hedge
46,ish,what does the b stand for i do not even know this logo was for a school but it looks too business ish my apologies,hedge
47,ish,good morning it is a time with me play some kind of funeral music is the new s they just inform us that you cannot catch corona virus if you are a gorilla or just hairy mediterranean like me so you be safe ish with me come say the last goodbyes before they lock us in the houses in fact i am wondering why they have not yet here in i be there from midday,hedge
48,ish,this has to be the funniest product i have ever seen what the hell is active ish i would love to know how the brief described this audience they wear sports clothes but do not really exercise they do walk to the pub though and are avid gamers,noun
49,ish,when you succumb to fear you are under the illusion you can predict the future so here is my new baby and yes i got a new car but this is way more than that for a really long time i have wanted to get myself a new car but i have been afraid of many little silly things that come with owning a new ish car i absolutely cannot predict the future and once i drove it for the first time every single one of my fears just faded away do not let your fears pull you back from doing what you want to do you do not know what will be so do not rob yourself of the joy you may have,hedge
50,ish,how is everyone feelin today usually on a sunday we would post a new recipe and bang on about vegan food but to be honest that all just feels a bit weird right now because you know coronavirus n all that we are not sure about youuuu but we will speak truth and say the anxiety is real one minute we are talking about bunking down the next minute we are worried about overreacting but you know what we have got a platform and in an attempt to hopefully reduce some of this collective anxiety we figured why not use it to talk about this crazy new world we are now living in one thing that really has dawned on us is just how lucky and privileged we both are to be young fit and healthy ish but we can only imagine what it must be like for vulnerable people including some of our friends and family to turn on the news right now or scroll through their feeds the least we can do is recognise the threat this poses to the most vulnerable people in society and do what we can to protect them luckily we run so vegan from home but real talk others are not so lucky and coronavirus is exposing the vulnerability in our society from our healthcare system which has been on its knees for years to the gig economy where employees have zero job security what can we all do we may need to rely on our community more than ever if you know any vulnerable people in your neighborhood reach out our neighbours have started a mutual aid whatsapp group to do just this if you are able to support small businesses by purchasing gift vouchers or ordering from them online keep yourself active while we might not be going out as often as we used to we are conscious of getting enough exercise in and chatting with friends and family ignore the spread of misinformation and fake news to be honest this is harder than it sounds when there is a pandemic going on but we need to listen to the virologists and scientists who have spent their lives studying these scenarios fingers crossed the usual so vegan schedule will resume but we just wanted you all to know that we realise this whole thing can be very overwhelming and we will get through it together stay safe,hedge
51,ish,happy arbitrary date chosen by a vet but seared across my heart day to this pair today ish a veritable feast of cats pics today very much needed i think x,approx
52,ish,feijoada ish pork and bean fest with braised beef ribs meaty bones chouri o from my local corner shop,hedge
53,ish,back to pressing heavy ish after some time of backing off during my prep in the summer i managed a set of s for at a body weight of kg fast forward to how and i am now down at kg and back at the same load next steps will be to clean these up and aim for a lifetime best at a lower body weight of kg for over the coming weeks aiming to get stronger whilst holding the same bodyweight is not something i have focused on much in the past very keen to see how much strength i can add whilst holding this bodyweight for a while,hedge
54,ish,wonky selfie frame trendsetting yet again my abaya felt like a windsock during one part of the course today if you have been thinking about joining a go for it walk jog or run ran without my gang today think i am a bit old for solo selfies prove my hubs wrong by hitting like please say mashallah allahuma barik posting to inspire ish,hedge
55,ish,same company same city different park different weather in the world of jess catching up over coffee is only fun if we can catch up over a run first so the esque ish miles with were v much appreciated and very v much needed and v much made me miss everything that was my london life the rest of the day was a true indulgence in s future a lot of planning a lot of caffeine a lot of talking a lot of thinking a lot of snacking a lot of lists feeling ridiculously grateful for the wonderful humans i have on this crazy journey with me the ability to say i have been thissss close to giving it up and feeling heard by those around me is invaluable back to eastbourne we go to continue the graft,hedge
56,ish,every marathon is a journey it starts often on solitary after work or weekend sessions before it builds and the big race prep with crowns commences rehab stretching the building of base fitness often on your own this journey began weeks ago that is when i left chicago on leg and when the clock started to getting myself in a better place for manchester the ankle roll i suffered weeks before the has got better but its only until today i have been able to properly test out for a long hard ish run today s tale of the tape the first event of the year at victoria park the aim a half marathon long run push test out the strength keep form and push the cardio to the places it does not want to go slight tight left abductor and right glute aside it was a fantastic run to put in perspective this is the rd year in succession i have run this very race and its even faster than the effort years ago when i ran my marathon pb in manchester and which marathon am i doing this spring is weeks out lovely to see everyone out today incl the superspeedy and who ran past me to and who i uavrnt seen in an age and to and who return for another year and to northern lad ontherun the is done,hedge
57,ish,reach your potential promise to myself started this morning at victoria park km i went out to see where the legs were at came home nd lady ish seconds off a pb the journey continues,approx
58,ish,gandhi s lurking in the photo after a couple of walks up steep hills this week a more sedate ramble into town was a joy really grateful that central london is just down the road ish and so much quieter than the streets of holloway seriously come to seven sisters road see how no one cares about social distancing,hedge
59,ish,mint cordial last week asked for a mint cordial i did versions i am quite happy with you can pick the one for you based on the quipement you have the challenging thing was to try and retain the freshness of mint while making something you can keep for more than a couple of days easy version g birch water g sugar g ricql s g lactic acid g citric acid stir everything in a jar et voil birch water makes it mineral while ricql s makes it pop it is an alcohol peppermint distillate usually selling as medicine in france complicated ish version this one follows the same structure in terms of sugar and acids except we make our own mint distillate with g dried olympian mint g fresh mint g vodka infuse the dried mint in vodka for days filter and blend with fresh mint distill at degrees until you cannot get anything else out sourcing the olympian mint can be a little challenging but it is definetly worth it we got ours years ago from our trip to larissa for origins and it still smells incredible very fresh floral and peppery the guys growing it is if i remeber correctly,hedge
60,ish,we have been trying to go for a long ish walk every day,approx
61,ish,always important to remind ourselves how far we have come especially during times where it feels difficult or you feel stuck th april rd january i remember thinking in the second picture that this was the best my figure was ever going to get i was so proud of the progress i had already made i was roughy ish months into my fitness journey and a few months into using weights but honestly nothing heavy i was proud just being able to squat the barbell i was never overweight before by any means i would always been sort of skinny with no muscle really at all but that does not mean i did not have body issues i did hate my body i never really wore tight clothes i remember i bought a dress for summer ball that was the first tight dress i had and i barely ate that day because i did not want to have a stomach i do not think it is unusual for anyone to have body issues especially when you are in your teen years i never anticipated changing my body either i was never into fitness and did not really want to go to the gym until i went on my year abroad when i was abroad when i first got there i felt incredibly lonely i was separated from my boyfriend friends and family and quickly had to adapt to a different culture where i felt like i did not fit in then i found the gym my boyfriend encouraged me to try it because it would give me something to do and he made me plans so i would feel more confident starting out i found something that genuinely made me happy but also gave me something to focus on it gave me a hobby when all i wanted to do was come home i am so relieved that i found the gym i am so much more confident now i eat loads i love food i eat a shit load of carbs when i once believed they was making me fat i have also gained so much muscle whilst losing body fat it has taken time though it is over a years worth of progress and nutrition,approx
62,ish,one of my quarantine diy projects more to come in the next few days as soon as amazon delivers the marker i need i found this untreated wooden small table in the studio ages ago i had plans to work on it since forever and i have finally found the time to do it the side green is in tone with the rest of the room while the varnish unfortunately did not turn out as expected i was hoping for a less red ish tone but hey too late,hedge
63,ish,saturday afternoon sweet tooth craving kicking in so i have made some quick and easy cinnamon apricot hazelnut swirls with a st clements glaze ooof they are more ish and the sweet is definitely satiated recipe for these coming soon to my stories so give it a go yourself and tag me,hedge
64,ish,chicken katsu curry this was a super simple healthy ish recipe i mixed chicken strips with olive oil then coated it in ground almonds panko breadcrumbs and oven baked for mins at degrees served on a basmati quinoa mix with spring onion and a simple salad of chopped cos pickled red onion diced cucumber finally i drizzled on a healthy katsu sauce made by pan frying ginger and garlic about cloves adding tbsp of medium curry powder ml of coconut milk which i simmered for about mins let me know if you give this a try,hedge
65,ish,a short story all you man thought alhan was joking when he said he is turk ish real yardman at heart,hedge
66,ish,it is also no longer a day of two halves wine is increasingly encroaching on coffee s time which is wrong on every level but much like the virus that is caused all this there seems to be no stopping it so going with the flow seems like the only sensible option i do hope this strange phenomena is not affecting too many of you guys as well stay safe and sober ish,hedge
67,ish,gluten free banana cacao cookies cup gluten free flour i used cup gluten free oats cup cacao nibs g caster sugar any sugar will do i only had caster to hand g baking powder heaped tsp mixed spice ml vegetable oil mashed ripe ish bananas a splash of oat milk put all of the dry ingredients into a bowl and mix until everything is combined measure out your wet ingredients oil and mashed banana and add both to the dry ingredients if your mixture is dry add oat milk until it is a thick porridge consistency line baking trays with baking parchment take table spoons and with one scoop up a heaped spoon worth of mixture with the other scrape it into the parchment make sure to space them out about cm apart from each other as they spread a bit and rise in the oven put in a preheated overn at degrees for minutes you will know when they are done when they are slightly golden on the edges and underneath leave to cool on the baking trays for mins until cool do not like them on to a plate straight away as they will release a bit of steam and may go soggy perfect for a breakfast treat or a little snack,hedge
68,ish,this week it is a fake roman holiday ish,hedge
69,ish,what do you guys do to make weekends different from weekdays so they do not all just blend into one for us monday to friday routine is get ready eat cereal then start school work for ish and end the school day at ish with no tv or tablets until after that and bed time is between weekends we have a meze style breakfast with pancakes and fruit etc we play games and watch movies telly and bed time is slightly later between we did not have a routine for one day and the kids kept saying they were bored lol so it is definitely the best option for us,approx
70,ish,two ish weeks ago it was my birthday just before formal lockdown but far enough into this pandemic that there was no possibility of an in person party then and all the time since then i have been sad about the loss of the things i expected in my immediate future birthday parties with friends in person to hand in my thesis and do my viva surrounded by those who have supported me through it writing and working in the routine with study buddies but this week i have turned a corner to get excited and create routines in these new circumstances make new plans have different parties embrace the unexpected changes to my research i am now excited to look back on this event as the start of something different snaps of my birthday an amazing zoom party with so many of my lovely lovely friends and an incredible cake gifted by generous and kind friends thank you all instagram does not like me tagging this many people for making me feel special in these strange times,approx
71,ish,asparagus ham and crisp egg in six years ago almost to the day always one to do at least once in asparagus season it is good even if we used some tired vacuum packed serrano rather than a light and whispy ish parma but the wonder of this dish new ingredients is out of i have three days left so was able to go to hurrah and bloody good kentish asparagus it was too with the inevitable after effects apparently of people will not know what i mean and we had our first virtual dinner with a friend,hedge
72,ish,calories ish might aswell cut as i have got no weights,approx
73,ish,felix and nol the second online portrait this time with my german friend and stencil ninja i have known felix for several years i think we first met at the villa friekens in amsterdam as a street art and beer festival aptly called paint and beer his artwork was unique as so many people wanted to paint on the biggest wall but felix cut tiny super detailed stencils on a pieces of paper it was great he could travel with a tint folder and a few tins of paint and put his pieces anywhere this little stencil is of our friend who must be ft ish and now exists in stencil form taking a piss in the corner of my garden standing about inches tall i am not sure if this is felix frowning at nol but he soon decided to join him and started pissing on the garden fork so you can see felix a bit better next is a photo i took in and a photo of his work in which he did a stencil of me with my camera and you can see the insane detail with and tony size with it next to my hand for reference anyway in times of isolation nice taking two photos in two different countries in the same week rd april day olympus omd em mark ii mm pro lens,approx
74,ish,british people be like roight well i am bri ish foh fock saek jokes aside currently living through these mems,hedge
75,ish,yesterday i played hopscotch for the first time in ish years and i strongly believe it was lil s first time we have a huge communal garden and some of her friends who live in the building came downstairs while we were playing it was so hard to keep them from playing with each other it was so sad,approx
76,ish,i woke up had a plan did some productive ish and then it was night have no clue what happened in between bum feels fine so no alien probing extremely happy bout that but definitely miffed re aligning with some cooking getting this mushroom pasanda with roast cauliflower and turmeric rice nice and ready because that is what we do what what,hedge
77,ish,it was an honor to meet grace o malley the pirate queen many of you might know her as the great x ish grandmother of julia o malley student at university of wisconsin milwaukee,approx
78,ish,woke up hoping this was not true was literally talking to you the other day was a pleasure to know you for the short time i did both come around the swamp lot round the same time remember recording that dub for you going to make sure one of the mandem run that one chopped it up with you and reasoned couple times about some real ish proper down to earth intelligent and soo talented fly high brother the great,noun
79,ish,proud mum post proud mum in the wider sense proud of him but also proud of myself we bake quite a bit it is one of rex s favourite things to do together the fact we both enjoy baking together though has never stopped there being at least one usually several arguments during the baking process at least once everytime he will storm off or i will tell him to leave the kitchen always some of the arguments are because kids are by and large just annoying in the kitchen rex helps by grabbing at stuff throwing things we need away adding ingredients too soon randomly breaking eggs everywhere feeding mix to the dog walking around stirring the mix out of the bowl and all over the counters and floor etc so he is not particularly helpful i am also a control freak and want to try to minimise the mess i have to clear up later and have an edible end product that has not had random items or dog saliva added to it not entirely unreasonable expectations i would say add to that we have a small galley kitchen and a dog that just loves to get under our feet largely because he thinks correctly rex might feed him when i am not looking and it is generally a good set up for a few arguments but this morning before we have made an entire banana and chocolate chip bread without even one cross word the kitchen was clean ish we tidied ish as we went the bread tasted amazing and we were both relaxed and smiling the whole time,hedge
80,ish,mum and dad s wedding ish with both sets of my grandparents and the wedding couples siblings love this photo dad and his brother were in service in the british royal navy,hedge
81,ish,good morning ish all today reminds me of a saying i was once told in my early years at culinary school the early bird catches the old fruit sticks it in a tart case covers it with custard and bakes it at c for minutes or something like that anyways here is a recipe that you can use for any fruit you bought but just put off eating for ages like me old fruit tart old fruit have plums here pastry case cost at tesco but of course welcome to make your own ml cream tbsp butter tbsp lemon juice tbsp calvados egg tbsp sugar plus extra for coating cost calories per serving x time minutes of your a day if you eat enough watch videos or story for instructions,hedge
82,ish,out delivering nappies and books to children s centre food bank this morning spotted new ish mural,hedge
83,ish,fan art ish tracing weeknd face from his new album how is everyone coping during this time any happy moments found during this time i finished watching parks and rec and now watching netflix kims convenience,hedge
84,ish,i really miss going to hampstead i live nearby ish and it is my happy place before all of this madness i was not able to get out much because of not being well so mini trips out for coffee and a walk were really precious i cannot wait to get back there take a deep breath of fresh air and point out as many excellent dogs as possible,hedge
85,ish,week of lockdown edit turns out it is week how is everyone doing has anyone read a good book they can recommend not that i have actually made the time to read a book but i have aspirations i have managed to listen to one audio book though it was called on being ish and i would really recommend it it worked great on audio as it is a collection or personal essays for some reason i really struggle with fiction on audio if you have read anything in the last month i would love to know what it was and if it was any good as much as i love a good book recommendation i am also always super interested in what books people did not enjoy ad info the stunning flamingo cushion was a gift from last year she lives locally to me and designs the most beautiful products all featuring designs she has hand painted go check her out i am loving the skinny silk head ties she is promoting at the moment the beaut cup and plate are also gifts from the current range at,hedge
86,ish,day of intermittent fasting challenge day i ate around pm ish and i was not that hungry actually so i again only ate meal today with a little dessert at pm this intermittent fasting is pretty good i just have to stop thinking about food and keep myself busy so here is me just hanging out in my room during this quarantine season should change this channel to hangoutwithtingting instead of foodtimewithtingting see you all tomorrow i hope,approx
87,ish,ish company waiting for you in thanks to lucy for the photo,hedge
88,ish,coming to a runway near you soon ish,approx
89,ish,veggie shepherd s pie filling and delicious dinner also a perfect empty your fridge recipe you can add as many different veggies as you want it will only get healthier feel free to adjust the amounts or add remove ingredients just use whatever veggies you have at home really ingredients for the filling carrots x celery sticks x mushrooms g onion x garlic cloves crushed sundried tomatoes g ish sweetcorn can peas g ish thyme tsp stock cube flour to thicken the paste parsley ingredients for the top a mix of normal potatos and sweet potatos about small potatoes all together garlic cloves crushed butter milk any will do parmesan method chop the onion carrots celery mushrooms sundried tomatoes into small chunks cook the onion in olive oil for mins and once it starts becoming translucent add the carrots celery mushrooms and sundried tomatoes add garlic thyme salt and pepper cook everything for another mins or until veggies start to cook and add in a stock cube and a bit of water for the veggies to stew in while the sauce is cooking peel the potatoes and cut into medium pieces boil in salted water until the chunks are soft enough to be pierced with a fork drain the potatoes and add a knob of butter and a splash of milk grate some parmesan and add garlic salt and pepper mix it all together and adjust amounts of these ingredients as necessary depending on how many and how big your potatoes are as the sauce begins to reduce add sweetcorn and peas continue cooking until the sauce is of desired consistency feel free to use a bit of flour to thicken it at the end chop up a bunch of parsley and add into the stew pour the strew into an oven dish cover the top with your mashed potato and grate some more parmesan on top to get that lovely golden crust under the grill for mins et voila,approx
90,ish,reminiscing about this time last year ish in beautiful scotland,approx
91,ish,back to when life was normal ish and i was the queen of my ice castle,hedge
92,ish,union stores will be opening this morning around ish one and say hello to our lovely volunteers who have worked tiresomely all weekend to set up the community shop,approx
93,ish,socially distant baking cardamom babka ish now i just need to find some more flour,hedge
94,ish,hi all i think it only fair that i share my situation with you i am undergoing chemotherapy for secondary breast cancer usually i am fit and healthy ish enabling me to work alongside my full time job i now like many others will need to isolate for weeks i have already been on self isolation for days sadly i will not re open my doors until at least the th june i hope you will all come back to my little business but for now stay safe and well see you on the other side x,hedge
95,ish,a lot less whippy with the slx back to some high ish technical work night and day difference,hedge
96,ish,day ish isolation and i may as well embrace my inner and figure out yoga any tips is it xmas yet,approx
97,ish,really made its mark yo normals spare a thought for the people who might be entering the longest but probably one of many quarentines of their lives my previous max is weeks i knew this was coming but when it did it honestly felt like i would been punched in the stomach incase anyone was wondering what my tips for long term quarantine are here you go get washed and dressed everyday if you are well enough to being clean is like therapy find pleasure in the little things every little thing a pigeon landing on your balcony someone in another flat practicing an instrument nice smells appreciate that this is temporary but that for many it is not some people have not left their homes for years there is always someone worse off and now is the time to think about them when i am feeling sorry for myself i watch murder documentaries for perspective try complaining about anything after that do not plan for the future being desperate to get out and waiting for someone to tell you can leave will drive you insane honestly make this your new normal i cannot stress that enough i count the days now because i know i am capable ish the first time round broke me do not be a dick and do not take your feelings stresses worries out on other people it is better not to say anything at all and being stuck indoors feeling regret guilt eats at you more than it normally would do let people know if you are wobbling the people who choose to be in your life are the most precious of all the things do things with your hands that are not attached to a screen everyday diy crochet cleaning knitting crosstitching cooking baking drawing jigsaws soduko whatevs creating achieving something is allllways satisfying something that takes a looooooongg time to finish is even better do not watch the news you are inside it does not concern you the news is never good news and right now there is no space for negativity look at pictures of puppies instead and finally faaacceeeetiiiiime,hedge
98,ish,hannah holland dj producer musician label boss around i had just started djing and was playing at zigfrids regularly then became resident at trailer trash matt tucker dan pope s club who went onto start dalston superstore with dan beaumont at the former venue on the rocks on kingsland rd which became one of the areas biggest nights at the time every friday it marked an era of electro techno tinged raves off grid parties in railway arches basements and lofts as well as the great eastern hotel holding some really amazing events jonny woo s emerging underground drag scene and lots of looks a mad hedonistic time i met the most incredible characters life long friends and collaborators and went onto start my own night batty bass alongside singer mama and artist alex noble which was held at various venues including old blue last under da bridge dove bridge studios then finally claimed its home at the star of bethnal green and various warehouses until ish batty bass turned into a record label working with artists from new york london and berlin adonis adonis,approx
99,ish,sooo the page is getting way too sexy so let us take a break from that and put a picture of my first cosplay at mcm comic con and my first armor build aka howww the cosplay journey began and till now i still am not a huge convention fan lol but i looveee convention people i met so many friends you see since the dawn of time i have always been redesigning ish hope you are having a great day and omgggg thanks for the pledges in onlyplants and fetre nes and glad you liking ze pay per view vid hope you are good forgot the name of these togs but they are badass also that black couch is reaaallyyy comfy i should get one myself,hedge
100,ish,cheers to me and my new baby soft launched a few days ago and already building a lovely little community if anything it is giving me a bit of focus whilst i am off work keeping me sane ish hope you are all keeping sane ish too xxxx,hedge
101,ish,e a s t e r ish miles walked sun kissed and well fed,approx
102,ish,quarantine is fucking boring man but super grateful i was able to pay my rent this month ish and that i have got food in my fridge and that loves stabbing my skin with sick tats shoutout to a few legends helping me through this month you all are absolute gold and i love you to bits x,hedge
103,ish,next up the letter o hope you like this one my son was very excited to be able to spell his name homeschooling hope you have all had a nice ish easter and are feeling ok about going back into a new normal week you can now download the new letter o as well as letters a e f l and m going to start work on letter s tomorrow,hedge
104,ish,i feel like i have been very absent from this wonderful world of instagram christmas and new year seems to be gone in a flash and then i will be honest i struggled my way through the first couple of weeks of january i felt like all i was seeing was amazing people making amazing affirmations for the new decade and i just was not feeling it i worried that i had nothing of worth to say and i know i was judging myself harshly but both personally and professionally i was just feeling meh but ish weeks into i have decided that is it is ok that i am not having a new decade rebirth and i am just going to get on with service as usual i guess the moral here is do not judge yourself too harshly even if like me you are your own worst critic pick yourself up dust yourself with sparkle and get your glitter back on i have started trying to walk more and appreciate my surroundings i live pretty near the river thames at and this morning in the damp mist it was just beautiful a good walk is a great way to fill your cup back up again though i am all in black today i am not feeling that way all a rewear but inspired by i have got my on i fell out of love with leggings for a bit but i love these as they are great to dress up or down all hail the leggings happy all thistle edit sustainable wardrobe,approx
105,ish,nb the elusive will be playing early on friday th february do not miss his lesser spotted live show from till tim s releases on tech startup and kalahari oyster cult show he is as comfortable producing rolling dancefloor explorations see maze dream as he is in experimental introspective mode see aldhini theme or drum led tracks full of syncopated rhythms bending subs and springy melodic garnishes are par for the course tim s distinctively musical style gives a classy nod to holds breath perlon ish minimal and s tech house while sitting firmly in the present do not miss tickets moving pretty quickly over on ra accessible through link in bio and venue is very smol,hedge
106,ish,i am reading we are the weather jonathan safran foer s excellent new ish book about climate change it is reaffirmed my commitment to doing my bit and making a more sustainable year both personally and professionally i particularly like his idea that cutting out meat and dairy for breakfast and lunch is a good start so here is my lunch today no smoke without fire vegan chilli avocado fresh coriander and pink pickled onions this black bean and butternut version uses the same spice mix as my signature beef one and gets extra umami from mushrooms and miso i am currently working on expanding the sycamore smyth veggie and vegan range rejigging the meat and fish options to be more sustainable and trialling compostable packaging hope to have good news to share soon in the meantime you can get the vegan chilli from or direct from me,hedge
107,ish,time for some retro ish pics visual studios london june,hedge
108,ish,ah well you cannot win them all cooked some last night and wanted to try making for the st time i think i cut them too thin and cooked them on too high a heat they were ok ish but definitely saved by the and that combo could save anything my beans in tomato sauce were pardon the pun too runny but thanks to a generous amount of from my parents garden still delicious all a work in progress i guess no baking at the moment as i have not received the i ordered i cannot eat wheat so am down to the last kg when are you milling some more so i can order with you guys,hedge
109,ish,given my current lack of physical prowess i am getting through my spare yarn stash quite nicely here is a rainbow ish cushion i made i started following a pattern but then got annoyed with it after one row and just freestyled it makes my hand hurt so back to knitting next,hedge
110,ish,market stall peppers per bag makes meals spanish ish stew bruschetta pastry scrap tarts and pasta plenty of carbohydrates here maybe next week life will be better organised,hedge
111,ish,day of is about work life balance tomorrow will be the last day of that initiative i am usually bad at i have got to admit but right now it is probably worse than ever space zoning whilst working from home with your other half in a one bed flat is near impossible plus with all happening online only at the minute means it is really difficult to stick to business hours i have started a little routine just small things but they help keep me sane ish amongst them i have gone back to sketching drawing it has always been one of my favourite things to do such a lovely easy way to escape sharing here what i drew yesterday a still life of delicious pears and apples in a lovely wavy pottery bowl channeling my inner cezanne far from perfect but i enjoyed the inner peace and relaxation it gave me i should try to fit that in my day more often tomorrow maybe,hedge
112,ish,shall i have a spice round in my foodie quiz launching on zoom this evening mon march and fri april this is my beautiful bespoke spice drawer made by after many many years of all my spices tumbling out of my cupboard an easy ish taster question which flower does saffron come from full details on how to join the quiz and password www sudifoodie com,hedge
113,ish,book the wanting seed author anthony burgess page count time it took to read hours favorite quotes all art is an aspect of sexuality but sanity s a handicap and a liability if you are living in a mad world a young man who was ironically very fat perhaps all these years the histogram offers have been unwilling to recognize history as a spiral perhaps because a spiral was so difficult to describe words i learned enema a procedure in which liquid or gas is injected into the rectum typically to expel its contents but also to introduce drugs or permit x ray imaging ligatures a thing used for tying or binding something tightly amoebae a single celled animal that catches food and moves about by extending fingerlike projections of protoplasm wan pale and giving the impression of illness or exhaustion ontological relating to the branch of metaphysics dealing with the nature of being apodictically clearly established or beyond dispute interpretation analysis this is another dystopia book and it is written by one of my favorite british authors anothny burgess i really wanted to read this after clockwork orange because i did not just want to read one work from burgess also a philosophy columbia professor by the name of forest recommended this to me and he has undoubtedly changed my life by introducing me to philosophy it is amazing unfortunately it is a bit slow in the beginning or at least it was for me but as soon as you get past the first ish pages the book exponentially grows more interesting the book s protagonist is tristram foxe who i think is pretty relatable to he is someone who is stuck in a marriage where his wife beatrice joanna is unhappy and the government is slowly encroaching on his freedom in this dystopia homeosexuality is enoucrged as a medium to reduce over pollucation and candism is a real thing tristanm s brother derek is also a head honcho at the government and he plays a big role in the plot this book is amazing and the character development that tristam undergoes is amazing using kurt vonnegut s swipe,approx
114,ish,out for the one hour ish exercise,approx
115,ish,slightly pose ish shot as this is the only one where my fringe was not going mental in the wind,hedge
116,ish,perfect easter weekend snacks here is the recipe let me know if you try g flour i used bread as only had that g caster sugar tsp mixed spice tsp cinnamon zest lemon g salt g dry yeast g butter ml milk egg g sultanas g candied peel put all dry together with yeast melt butter and gently warm milk stream into dry add egg and work for mins approx add dried fruit work in proof for hour then shape should make proof to double size for cross g flour ml water to paste then bake c for ish mins until golden glaze with warmed golden syrup as soon as they come out enjoy,approx
117,ish,the first of many warm ish summer evenings on the deck i just cannot wait to share it with friends too,hedge
118,ish,another local ish beer delivery this time from got a few different ones but finding the to be the best for this weather a nice touch is that for each order they are donating pints to kings college st thomas hospitals neighbouring brewery is also allowing credits to be bought for a tab for nhs workers for when all this is over deserves a mention,hedge
119,ish,cumin roasted carrots one of my absolute favourite ever ways to prepare carrots just peel and halve lengthways or quarter if massive toss with olive oil and sprinkle with cumin seeds about a tbsp for ish carrots and sea salt roast for about half an hour at c or until caramelising round the edges delicious hot or cold there are never any left no matter how many i make i think kids would probably like them too because of the sweetness i love them in a salad with pomegranate seeds feta and fresh coriander but i did not have any of those things yesterday so just sprinkled them with parsley we ate them alongside a filo pie of things in the fridge that were past their best bendy courgette out of date goats cheese and a fennel and orange salad,approx
120,ish,getting crafty with my box now a transportable chilli garden it is still pretty cold at night so these little seedlings need to come back indoors but love the sun in the day with a small ish balcony that we also use to sit read eat and work on they get moved several times a day so this helps when they are older perhaps we will line it and replant them directly in the box and have a full on raised balcony chilli garden,hedge
121,ish,old ish photo still like it though random tags,hedge
122,ish,we should have been running in victoria park today but as we could not i ran to victoria park instead i actually ran back again too but my garmin decided to have a fit because it was taking so long to get water in sainsbury s that it thought i would finished total distance km running then ish more walking,approx
123,ish,when there is no other option you just have to do it yourself i still have my hair and the colour is ok ish phew how many of you did the same during this quarantine,hedge
124,ish,keeping myself busy during isolation taking advantage of my hour ish out and about wandering and avoiding people,approx
125,ish,i wanted to share that i ran km plus for our for heroes yesterday with the appropriate social distancing and i have not run for years even though i exercise daily i was dreading it but all i could think of for the ish minutes or so was i can do this our wonderful wear protective equipment for hours at a time and suffer from intense heat headaches and exhaustion while running i kept thinking this was a very little thing to do for them in return to support them donate nominate people run km even if you cannot run walk it donation made with pleasure i nominate thanks for the nomination,approx
126,ish,flower power i much preferred becki s flowery mask she wore yesterday she was a bit frida kahlo ish i was inspired to run around in a circle do zoomies,hedge
127,ish,do not explain your philosophy embody it epictetus first part of today s session strongman gymnastics sets a m ish farmers carry kg each arm a m ish handstand walk a d ball cleans kg rest two minutes between sets no rest between movements scale as required rory,approx
128,ish,my walrus cake is famous ish i made this fella in november for a photoshoot and he is now officially in print zoom in on the final pic to find out why,hedge
129,ish,shot for the first time on friday with headlining place was my first experience of a proper soundsytem venue back in around ish when i saw skream and benga there,approx
130,ish,greeting run commuters this evening with x k so far this week to make up for missing my slr knees seem ok ish wearing leggings with grazed knees is not the most comfortable experience but it could be worse,hedge
131,ish,i am on my ish i cannot see you skunt,noun
132,ish,georgeous dinner at tonight this peckham thai restaurant does street food style small plates and packs quite a punch the restaurant itself was sizeable light and airy managing to be very full and still feel relaxed and not overly noisy we had the deep fried sea bass the chive cakes the charcoal grilled celeriac the stir fried cabbage the geng gari curry and a portion of unlimited rice each between three of us which was plenty the sea bass was beautifully crisp and the fish itself was flaky and moist without being at all greasy the stir fried cabbage had a deep toasted flavour and the celeriac was so more ish all the dishes had a beautiful balance of flavour and spice and the meal came to pp which i thought was excellent value for a great meal peckham,hedge
