term,setting,k,silhouette,pairwise_precision,pairwise_recall,pairwise_f1,ARI,NMI,purity,method,embedding
fam,random_baseline,3,-0.017604190856218338,0.3657331136738056,0.3258317025440313,0.3446313065976714,-0.002251630117493882,0.012793444171146577,0.49056603773584906,random,mask
fam,baseline,1,0.0,0.3672955974842767,1.0,0.5372585096596136,0.0,0.0,0.49056603773584906,baseline,mask
fam,auto_k,1,0.0,0.3672955974842767,1.0,0.5372585096596136,0.0,0.0,0.49056603773584906,kmeans,tfidf
fam,auto_k,2,0.17688100039958954,0.371976647206005,0.6545988258317026,0.4743839744726112,0.01123011543461327,0.004080335433810836,0.49056603773584906,kmeans,mask
fam,auto_k,2,0.17688100039958954,0.371976647206005,0.6545988258317026,0.4743839744726112,0.01123011543461327,0.004080335433810836,0.49056603773584906,agglo,mask
fam,auto_k,2,0.2941921353340149,0.3758300132802125,0.5538160469667319,0.4477848101265823,0.01808085955748078,0.028468855894997317,0.49056603773584906,kmeans,cls
fam,auto_k,2,0.3375128507614136,0.36870681145113526,0.7309197651663405,0.49015748031496065,0.0036661999909675673,0.004882312997102705,0.49056603773584906,agglo,cls
fam,forced_k,3,0.12574158608913422,0.3778228141285466,0.6384540117416829,0.4747180793015642,0.024562256189421754,0.06849066264216594,0.5188679245283019,kmeans,mask
fam,forced_k,3,0.11530563980340958,0.37706342311033886,0.636986301369863,0.4737129343278152,0.022785878262022306,0.06259932316630955,0.5094339622641509,agglo,mask
