term,setting,k,silhouette,pairwise_precision,pairwise_recall,pairwise_f1,ARI,NMI,purity,method,embedding,freq_synonyms,logit_synonyms
manifest,random_baseline,3,0.001921803574077785,0.518467852257182,0.4915693904020752,0.5046604527296937,-0.0014248577861408107,0.015493002688885532,0.6181818181818182,random,mask,"{""0"": [[""achieve"", 4], [""be"", 4], [""make"", 4], [""occur"", 3], [""create"", 3]], ""1"": [[""be"", 5], [""happen"", 4], [""develop"", 4], [""come"", 3], [""do"", 3]]}","{""0"": [""be"", ""change"", ""make"", ""create"", ""do""], ""1"": [""change"", ""be"", ""see"", ""do"", ""work""]}"
manifest,baseline,1,0.0,0.5191919191919192,1.0,0.6835106382978723,0.0,0.0,0.6181818181818182,baseline,mask,"{""0"": [[""be"", 9], [""achieve"", 6], [""happen"", 6], [""do"", 5], [""create"", 5]]}","{""0"": [""change"", ""be"", ""see"", ""do"", ""work""]}"
manifest,auto_k,1,0.0,0.5191919191919192,1.0,0.6835106382978723,0.0,0.0,0.6181818181818182,kmeans,tfidf,"{""0"": [[""be"", 9], [""achieve"", 6], [""happen"", 6], [""do"", 5], [""create"", 5]]}","{""0"": [""change"", ""be"", ""see"", ""do"", ""work""]}"
manifest,auto_k,1,0.0,0.5191919191919192,1.0,0.6835106382978723,0.0,0.0,0.6181818181818182,kmeans,mask,"{""0"": [[""be"", 9], [""achieve"", 6], [""happen"", 6], [""do"", 5], [""create"", 5]]}","{""0"": [""change"", ""be"", ""see"", ""do"", ""work""]}"
manifest,auto_k,4,0.07790296524763107,0.6853932584269663,0.3955901426718547,0.5016447368421053,0.19620032691122485,0.22773219330942163,0.8181818181818182,agglo,mask,"{""0"": [[""achieve"", 6], [""create"", 5], [""reach"", 4], [""make"", 4], [""see"", 3]], ""2"": [[""seen"", 2], [""known"", 2], [""read"", 2], [""be"", 2], [""appear"", 2]], ""1"": [[""you"", 3], [""help"", 2], [""feel"", 2], [""be"", 2], [""us"", 2]], ""3"": [[""happen"", 6], [""be"", 4], [""occur"", 3], [""continue"", 3], [""go"", 2]]}","{""0"": [""create"", ""make"", ""achieve"", ""change"", ""see""], ""2"": [""read"", ""known"", ""seen"", ""manifest"", ""appear""], ""1"": [""be"", ""all""], ""3"": [""be"", ""happen"", ""change"", ""work"", ""occur""]}"
manifest,auto_k,2,0.19023989140987396,0.5686059275521405,0.6718547341115434,0.6159334126040428,0.12232115409951254,0.07854281986730403,0.6909090909090909,kmeans,cls,"{""0"": [[""achieve"", 6], [""be"", 6], [""create"", 5], [""reach"", 4], [""explore"", 4]], ""1"": [[""be"", 3], [""happen"", 3], [""feel"", 2], [""appear"", 2], [""occur"", 2]]}","{""0"": [""change"", ""see"", ""be"", ""make"", ""do""], ""1"": [""be"", ""change"", ""work"", ""do"", ""happen""]}"
manifest,auto_k,2,0.19620150327682495,0.564499484004128,0.7094682230869002,0.628735632183908,0.11965840202183717,0.07894800962385984,0.6909090909090909,agglo,cls,"{""0"": [[""achieve"", 6], [""be"", 6], [""create"", 5], [""reach"", 4], [""explore"", 4]], ""1"": [[""be"", 3], [""happen"", 3], [""feel"", 2], [""appear"", 2], [""occur"", 2]]}","{""0"": [""see"", ""change"", ""be"", ""make"", ""do""], ""1"": [""be"", ""change"", ""work"", ""do"", ""happen""]}"
manifest,forced_k,3,0.07079246640205383,0.5732217573221757,0.5330739299610895,0.5524193548387096,0.10421116128927076,0.22366447019940655,0.6727272727272727,kmeans,mask,"{""1"": [[""achieve"", 5], [""create"", 5], [""reach"", 4], [""see"", 3], [""explore"", 3]], ""0"": [[""be"", 6], [""happen"", 6], [""help"", 3], [""come"", 3], [""go"", 3]], ""2"": [[""read"", 2], [""be"", 2], [""appear"", 2], [""translate"", 1], [""refer"", 1]]}","{""1"": [""make"", ""create"", ""achieve"", ""see"", ""change""], ""0"": [""be"", ""change"", ""work"", ""live"", ""come""], ""2"": [""appear"", ""read"", ""manifest"", ""translate"", ""occur""]}"
manifest,forced_k,3,0.07041004300117493,0.5847589424572317,0.4876783398184176,0.5318246110325319,0.11298006648115465,0.180128251642996,0.6909090909090909,agglo,mask,"{""1"": [[""achieve"", 6], [""create"", 5], [""reach"", 4], [""make"", 4], [""see"", 3]], ""2"": [[""seen"", 2], [""known"", 2], [""read"", 2], [""be"", 2], [""appear"", 2]], ""0"": [[""be"", 6], [""happen"", 6], [""help"", 3], [""come"", 3], [""go"", 3]]}","{""1"": [""create"", ""make"", ""achieve"", ""change"", ""see""], ""2"": [""read"", ""known"", ""seen"", ""manifest"", ""appear""], ""0"": [""be"", ""change"", ""work"", ""come"", ""live""]}"
